--
-- PostgreSQL database dump
--

-- Dumped from database version 12.17 (Ubuntu 12.17-1.pgdg22.04+1)
-- Dumped by pg_dump version 12.17 (Ubuntu 12.17-1.pgdg22.04+1)

SET statement_timeout = 0;
SET lock_timeout = 0;
SET idle_in_transaction_session_timeout = 0;
SET client_encoding = 'UTF8';
SET standard_conforming_strings = on;
SELECT pg_catalog.set_config('search_path', '', false);
SET check_function_bodies = false;
SET xmloption = content;
SET client_min_messages = warning;
SET row_security = off;

DROP DATABASE universe;
--
-- Name: universe; Type: DATABASE; Schema: -; Owner: freecodecamp
--

CREATE DATABASE universe WITH TEMPLATE = template0 ENCODING = 'UTF8' LC_COLLATE = 'C.UTF-8' LC_CTYPE = 'C.UTF-8';


ALTER DATABASE universe OWNER TO freecodecamp;

\connect universe

SET statement_timeout = 0;
SET lock_timeout = 0;
SET idle_in_transaction_session_timeout = 0;
SET client_encoding = 'UTF8';
SET standard_conforming_strings = on;
SELECT pg_catalog.set_config('search_path', '', false);
SET check_function_bodies = false;
SET xmloption = content;
SET client_min_messages = warning;
SET row_security = off;

SET default_tablespace = '';

SET default_table_access_method = heap;

--
-- Name: galaxy; Type: TABLE; Schema: public; Owner: freecodecamp
--

CREATE TABLE public.galaxy (
    galaxy_id integer NOT NULL,
    name character varying(30) NOT NULL,
    galaxy_type integer,
    description text,
    age_in_million_of_years numeric(3,1)
);


ALTER TABLE public.galaxy OWNER TO freecodecamp;

--
-- Name: galaxy_galaxy_id_seq; Type: SEQUENCE; Schema: public; Owner: freecodecamp
--

CREATE SEQUENCE public.galaxy_galaxy_id_seq
    AS integer
    START WITH 1
    INCREMENT BY 1
    NO MINVALUE
    NO MAXVALUE
    CACHE 1;


ALTER TABLE public.galaxy_galaxy_id_seq OWNER TO freecodecamp;

--
-- Name: galaxy_galaxy_id_seq; Type: SEQUENCE OWNED BY; Schema: public; Owner: freecodecamp
--

ALTER SEQUENCE public.galaxy_galaxy_id_seq OWNED BY public.galaxy.galaxy_id;


--
-- Name: moon; Type: TABLE; Schema: public; Owner: freecodecamp
--

CREATE TABLE public.moon (
    moon_id integer NOT NULL,
    planet_id integer,
    name character varying(30) NOT NULL,
    description text,
    age_in_million_of_years numeric(3,1)
);


ALTER TABLE public.moon OWNER TO freecodecamp;

--
-- Name: moon_moon_id_seq; Type: SEQUENCE; Schema: public; Owner: freecodecamp
--

CREATE SEQUENCE public.moon_moon_id_seq
    AS integer
    START WITH 1
    INCREMENT BY 1
    NO MINVALUE
    NO MAXVALUE
    CACHE 1;


ALTER TABLE public.moon_moon_id_seq OWNER TO freecodecamp;

--
-- Name: moon_moon_id_seq; Type: SEQUENCE OWNED BY; Schema: public; Owner: freecodecamp
--

ALTER SEQUENCE public.moon_moon_id_seq OWNED BY public.moon.moon_id;


--
-- Name: planet; Type: TABLE; Schema: public; Owner: freecodecamp
--

CREATE TABLE public.planet (
    planet_id integer NOT NULL,
    star_id integer,
    name character varying(30) NOT NULL,
    description text,
    has_life boolean,
    planet_type integer
);


ALTER TABLE public.planet OWNER TO freecodecamp;

--
-- Name: planet_planet_id_seq; Type: SEQUENCE; Schema: public; Owner: freecodecamp
--

CREATE SEQUENCE public.planet_planet_id_seq
    AS integer
    START WITH 1
    INCREMENT BY 1
    NO MINVALUE
    NO MAXVALUE
    CACHE 1;


ALTER TABLE public.planet_planet_id_seq OWNER TO freecodecamp;

--
-- Name: planet_planet_id_seq; Type: SEQUENCE OWNED BY; Schema: public; Owner: freecodecamp
--

ALTER SEQUENCE public.planet_planet_id_seq OWNED BY public.planet.planet_id;


--
-- Name: star; Type: TABLE; Schema: public; Owner: freecodecamp
--

CREATE TABLE public.star (
    star_id integer NOT NULL,
    galaxy_id integer,
    name character varying(30) NOT NULL,
    age_in_million_years numeric(3,1),
    is_spherical boolean
);


ALTER TABLE public.star OWNER TO freecodecamp;

--
-- Name: star_star_id_seq; Type: SEQUENCE; Schema: public; Owner: freecodecamp
--

CREATE SEQUENCE public.star_star_id_seq
    AS integer
    START WITH 1
    INCREMENT BY 1
    NO MINVALUE
    NO MAXVALUE
    CACHE 1;


ALTER TABLE public.star_star_id_seq OWNER TO freecodecamp;

--
-- Name: star_star_id_seq; Type: SEQUENCE OWNED BY; Schema: public; Owner: freecodecamp
--

ALTER SEQUENCE public.star_star_id_seq OWNED BY public.star.star_id;


--
-- Name: system; Type: TABLE; Schema: public; Owner: freecodecamp
--

CREATE TABLE public.system (
    system_id integer NOT NULL,
    name character varying(30) NOT NULL,
    galaxy_id integer
);


ALTER TABLE public.system OWNER TO freecodecamp;

--
-- Name: system_system_id_seq; Type: SEQUENCE; Schema: public; Owner: freecodecamp
--

CREATE SEQUENCE public.system_system_id_seq
    AS integer
    START WITH 1
    INCREMENT BY 1
    NO MINVALUE
    NO MAXVALUE
    CACHE 1;


ALTER TABLE public.system_system_id_seq OWNER TO freecodecamp;

--
-- Name: system_system_id_seq; Type: SEQUENCE OWNED BY; Schema: public; Owner: freecodecamp
--

ALTER SEQUENCE public.system_system_id_seq OWNED BY public.system.system_id;


--
-- Name: galaxy galaxy_id; Type: DEFAULT; Schema: public; Owner: freecodecamp
--

ALTER TABLE ONLY public.galaxy ALTER COLUMN galaxy_id SET DEFAULT nextval('public.galaxy_galaxy_id_seq'::regclass);


--
-- Name: moon moon_id; Type: DEFAULT; Schema: public; Owner: freecodecamp
--

ALTER TABLE ONLY public.moon ALTER COLUMN moon_id SET DEFAULT nextval('public.moon_moon_id_seq'::regclass);


--
-- Name: planet planet_id; Type: DEFAULT; Schema: public; Owner: freecodecamp
--

ALTER TABLE ONLY public.planet ALTER COLUMN planet_id SET DEFAULT nextval('public.planet_planet_id_seq'::regclass);


--
-- Name: star star_id; Type: DEFAULT; Schema: public; Owner: freecodecamp
--

ALTER TABLE ONLY public.star ALTER COLUMN star_id SET DEFAULT nextval('public.star_star_id_seq'::regclass);


--
-- Name: system system_id; Type: DEFAULT; Schema: public; Owner: freecodecamp
--

ALTER TABLE ONLY public.system ALTER COLUMN system_id SET DEFAULT nextval('public.system_system_id_seq'::regclass);


--
-- Data for Name: galaxy; Type: TABLE DATA; Schema: public; Owner: freecodecamp
--

INSERT INTO public.galaxy VALUES (1, 'Milky Way', 2, NULL, NULL);
INSERT INTO public.galaxy VALUES (2, 'U456', 1, NULL, NULL);
INSERT INTO public.galaxy VALUES (3, 'Orion', 1, NULL, NULL);
INSERT INTO public.galaxy VALUES (4, 'Kleria', 2, NULL, NULL);
INSERT INTO public.galaxy VALUES (5, 'Kose', 3, NULL, NULL);
INSERT INTO public.galaxy VALUES (6, 'Narlo', 1, NULL, NULL);


--
-- Data for Name: moon; Type: TABLE DATA; Schema: public; Owner: freecodecamp
--

INSERT INTO public.moon VALUES (1, 3, 'Moon', NULL, NULL);
INSERT INTO public.moon VALUES (2, 4, 'Phobos', NULL, NULL);
INSERT INTO public.moon VALUES (3, 4, 'Deimos', NULL, NULL);
INSERT INTO public.moon VALUES (4, 5, 'Moon', NULL, NULL);
INSERT INTO public.moon VALUES (5, 5, 'Phobos', NULL, NULL);
INSERT INTO public.moon VALUES (6, 5, 'Deimos', NULL, NULL);
INSERT INTO public.moon VALUES (7, 5, 'Moon', NULL, NULL);
INSERT INTO public.moon VALUES (8, 5, 'Phobos', NULL, NULL);
INSERT INTO public.moon VALUES (9, 5, 'Deimos', NULL, NULL);
INSERT INTO public.moon VALUES (10, 5, 'Moon', NULL, NULL);
INSERT INTO public.moon VALUES (11, 5, 'Phobos', NULL, NULL);
INSERT INTO public.moon VALUES (12, 5, 'Deimos', NULL, NULL);
INSERT INTO public.moon VALUES (13, 5, 'Moon', NULL, NULL);
INSERT INTO public.moon VALUES (14, 5, 'Phobos', NULL, NULL);
INSERT INTO public.moon VALUES (15, 5, 'Deimos', NULL, NULL);
INSERT INTO public.moon VALUES (16, 5, 'Moon', NULL, NULL);
INSERT INTO public.moon VALUES (17, 5, 'Phobos', NULL, NULL);
INSERT INTO public.moon VALUES (18, 5, 'Deimos', NULL, NULL);
INSERT INTO public.moon VALUES (19, 5, 'Moon', NULL, NULL);
INSERT INTO public.moon VALUES (20, 5, 'Phobos', NULL, NULL);
INSERT INTO public.moon VALUES (21, 5, 'Deimos', NULL, NULL);
INSERT INTO public.moon VALUES (22, 5, 'Moon', NULL, NULL);
INSERT INTO public.moon VALUES (23, 5, 'Phobos', NULL, NULL);
INSERT INTO public.moon VALUES (24, 5, 'Deimos', NULL, NULL);


--
-- Data for Name: planet; Type: TABLE DATA; Schema: public; Owner: freecodecamp
--

INSERT INTO public.planet VALUES (1, 1, 'Mercury', NULL, false, 1);
INSERT INTO public.planet VALUES (2, 1, 'Venus', NULL, false, 1);
INSERT INTO public.planet VALUES (3, 1, 'Earth', NULL, true, 1);
INSERT INTO public.planet VALUES (4, 1, 'Mars', NULL, true, 1);
INSERT INTO public.planet VALUES (5, 1, 'Jupiter', NULL, false, 1);
INSERT INTO public.planet VALUES (6, 1, 'Saturn', NULL, false, 1);
INSERT INTO public.planet VALUES (7, 1, 'Neptune', NULL, false, 1);
INSERT INTO public.planet VALUES (8, 1, 'Uranus', NULL, false, 1);
INSERT INTO public.planet VALUES (9, 1, 'Pluto', NULL, false, 1);
INSERT INTO public.planet VALUES (10, 2, 'Y857', NULL, true, 2);
INSERT INTO public.planet VALUES (11, 2, 'R867', NULL, false, 2);
INSERT INTO public.planet VALUES (12, 5, 'Salted Caramel', NULL, false, 2);


--
-- Data for Name: star; Type: TABLE DATA; Schema: public; Owner: freecodecamp
--

INSERT INTO public.star VALUES (1, 1, 'Sun', 4.5, true);
INSERT INTO public.star VALUES (2, 2, 'O125', 6.0, false);
INSERT INTO public.star VALUES (3, 3, 'Klara', 13.0, true);
INSERT INTO public.star VALUES (4, 4, 'Mauro', 47.0, false);
INSERT INTO public.star VALUES (5, 5, 'July', 69.0, false);
INSERT INTO public.star VALUES (6, 6, 'Gumbo', 8.0, true);


--
-- Data for Name: system; Type: TABLE DATA; Schema: public; Owner: freecodecamp
--

INSERT INTO public.system VALUES (1, 'Solar', 1);
INSERT INTO public.system VALUES (2, 'L527', 2);
INSERT INTO public.system VALUES (3, 'Vkushti', 5);


--
-- Name: galaxy_galaxy_id_seq; Type: SEQUENCE SET; Schema: public; Owner: freecodecamp
--

SELECT pg_catalog.setval('public.galaxy_galaxy_id_seq', 6, true);


--
-- Name: moon_moon_id_seq; Type: SEQUENCE SET; Schema: public; Owner: freecodecamp
--

SELECT pg_catalog.setval('public.moon_moon_id_seq', 24, true);


--
-- Name: planet_planet_id_seq; Type: SEQUENCE SET; Schema: public; Owner: freecodecamp
--

SELECT pg_catalog.setval('public.planet_planet_id_seq', 12, true);


--
-- Name: star_star_id_seq; Type: SEQUENCE SET; Schema: public; Owner: freecodecamp
--

SELECT pg_catalog.setval('public.star_star_id_seq', 6, true);


--
-- Name: system_system_id_seq; Type: SEQUENCE SET; Schema: public; Owner: freecodecamp
--

SELECT pg_catalog.setval('public.system_system_id_seq', 3, true);


--
-- Name: galaxy galaxy_pkey; Type: CONSTRAINT; Schema: public; Owner: freecodecamp
--

ALTER TABLE ONLY public.galaxy
    ADD CONSTRAINT galaxy_pkey PRIMARY KEY (galaxy_id);


--
-- Name: moon moon_pkey; Type: CONSTRAINT; Schema: public; Owner: freecodecamp
--

ALTER TABLE ONLY public.moon
    ADD CONSTRAINT moon_pkey PRIMARY KEY (moon_id);


--
-- Name: planet planet_pkey; Type: CONSTRAINT; Schema: public; Owner: freecodecamp
--

ALTER TABLE ONLY public.planet
    ADD CONSTRAINT planet_pkey PRIMARY KEY (planet_id);


--
-- Name: star star_pkey; Type: CONSTRAINT; Schema: public; Owner: freecodecamp
--

ALTER TABLE ONLY public.star
    ADD CONSTRAINT star_pkey PRIMARY KEY (star_id);


--
-- Name: system system_pkey; Type: CONSTRAINT; Schema: public; Owner: freecodecamp
--

ALTER TABLE ONLY public.system
    ADD CONSTRAINT system_pkey PRIMARY KEY (system_id);


--
-- Name: galaxy unique_id; Type: CONSTRAINT; Schema: public; Owner: freecodecamp
--

ALTER TABLE ONLY public.galaxy
    ADD CONSTRAINT unique_id UNIQUE (galaxy_id);


--
-- Name: moon unique_moon_id; Type: CONSTRAINT; Schema: public; Owner: freecodecamp
--

ALTER TABLE ONLY public.moon
    ADD CONSTRAINT unique_moon_id UNIQUE (moon_id);


--
-- Name: planet unique_planet_id; Type: CONSTRAINT; Schema: public; Owner: freecodecamp
--

ALTER TABLE ONLY public.planet
    ADD CONSTRAINT unique_planet_id UNIQUE (planet_id);


--
-- Name: star unique_star_id; Type: CONSTRAINT; Schema: public; Owner: freecodecamp
--

ALTER TABLE ONLY public.star
    ADD CONSTRAINT unique_star_id UNIQUE (star_id);


--
-- Name: system unique_system_id; Type: CONSTRAINT; Schema: public; Owner: freecodecamp
--

ALTER TABLE ONLY public.system
    ADD CONSTRAINT unique_system_id UNIQUE (system_id);


--
-- Name: moon moon_planet_id_fkey; Type: FK CONSTRAINT; Schema: public; Owner: freecodecamp
--

ALTER TABLE ONLY public.moon
    ADD CONSTRAINT moon_planet_id_fkey FOREIGN KEY (planet_id) REFERENCES public.planet(planet_id);


--
-- Name: planet planet_star_id_fkey; Type: FK CONSTRAINT; Schema: public; Owner: freecodecamp
--

ALTER TABLE ONLY public.planet
    ADD CONSTRAINT planet_star_id_fkey FOREIGN KEY (star_id) REFERENCES public.star(star_id);


--
-- Name: star star_galaxy_id_fkey; Type: FK CONSTRAINT; Schema: public; Owner: freecodecamp
--

ALTER TABLE ONLY public.star
    ADD CONSTRAINT star_galaxy_id_fkey FOREIGN KEY (galaxy_id) REFERENCES public.galaxy(galaxy_id);


--
-- Name: system system_galaxy_id_fkey; Type: FK CONSTRAINT; Schema: public; Owner: freecodecamp
--

ALTER TABLE ONLY public.system
    ADD CONSTRAINT system_galaxy_id_fkey FOREIGN KEY (galaxy_id) REFERENCES public.galaxy(galaxy_id);


--
-- PostgreSQL database dump complete
--

